{
    "5": {
        "combine_times": [
            0.01774300017132191,
            0.017983000361709855,
            0.013144000149623025,
            0.013104000572639052,
            0.012714000149571802
        ]
    },
    "10": {
        "combine_times": [
            0.025115999960689805,
            0.019455999790807255,
            0.017082000340451486,
            0.018464000277162995,
            0.017742999261827208
        ]
    },
    "50": {
        "combine_times": [
            0.13921000027039554,
            0.14080300024943426,
            0.13751599999523023,
            0.15434800025104778,
            0.13737700010096887
        ]
    },
    "100": {
        "combine_times": [
            0.5131770003572456,
            0.513588000103482,
            0.5129970004418283,
            0.518957999702252,
            0.5263020002530538
        ]
    },
    "150": {
        "combine_times": [
            1.5607519999321084,
            1.5002390000518062,
            1.5746879998914665,
            1.551223999740614,
            1.5419870005644043
        ]
    }
}