{
    "5": {
        "keygen_times": [
            0.11363786199945025,
            0.11096237000037945,
            0.11150333100067655,
            0.13402504799978487,
            0.11116953599957924
        ]
    },
    "10": {
        "keygen_times": [
            0.22160522299964214,
            0.27855224600079964,
            0.24404642199988302,
            0.2456453849999889,
            0.25925794300019334
        ]
    },
    "50": {
        "keygen_times": [
            1.1679926749993683,
            1.1450728049994723,
            1.1514281620002293,
            1.1756679449999865,
            1.1619665930002157
        ]
    },
    "100": {
        "keygen_times": [
            2.3946877809994476,
            2.38419072600027,
            2.4187398520007264,
            2.429032254000049,
            2.516713900000468
        ]
    },
    "150": {
        "keygen_times": [
            3.8942272369995408,
            3.68237751200013,
            3.808520512000541,
            3.836437998999827,
            3.9112696319998577
        ]
    }
}