{
    "keygen": {
        "5": [
            0.1424974039996414,
            0.12861034499974267,
            0.10842339299961168
        ],
        "10": [
            0.21848401999977796,
            0.23045209899964902,
            0.22150334300022223
        ],
        "20": [
            0.4962878119999914,
            0.45037884900011704,
            0.44972253500009174
        ]
    },
    "signing": {
        "5": [
            45.11571099965295,
            44.90738300000885,
            49.80182400004196
        ],
        "10": [
            90.80973100026313,
            88.2298090000404,
            87.90073499994833
        ],
        "20": [
            158.53310400007103,
            216.41520899993338,
            156.9559389999995
        ]
    },
    "combining": {
        "5": [
            0.01873500013971352,
            0.014477000149781816,
            0.012182999853393994
        ],
        "10": [
            0.017592999938642606,
            0.019395999970583944,
            0.018925999938801397
        ],
        "20": [
            0.04595600012180512,
            0.04411200006870786,
            0.043031000132032204
        ]
    },
    "verification": {
        "5": [
            47.702587000003405,
            47.3611309998887,
            54.5082230000844
        ],
        "10": [
            43.99864700008038,
            43.88273099993967,
            43.84916900016833
        ],
        "20": [
            43.991784999889205,
            44.72683699987101,
            47.08408300029987
        ]
    }
}