{
    "5": {
        "sign_times": [
            49.73498999970616,
            48.92766300054063,
            44.093063000218535,
            44.69869300010032,
            44.64846900009434
        ]
    },
    "10": {
        "sign_times": [
            92.82349899967812,
            89.01479300038773,
            89.06375399965327,
            87.87950500027364,
            89.39478200045414
        ]
    },
    "50": {
        "sign_times": [
            400.40118800061464,
            416.5506990002541,
            471.94690000014816,
            404.76421899984416,
            377.04194799971447
        ]
    },
    "100": {
        "sign_times": [
            805.2940469997338,
            785.8063200001197,
            763.5507699997106,
            758.1274220001433,
            792.0646459997442
        ]
    },
    "150": {
        "sign_times": [
            1189.3927009996332,
            1145.6702089999453,
            1138.886151999941,
            1156.543375000183,
            1159.158294000008
        ]
    }
}