{
    "5": {
        "verify_times": [
            46.128560000397556,
            49.16524700001901,
            45.41495000012219,
            45.309793999877,
            45.11770399949455
        ]
    },
    "10": {
        "verify_times": [
            45.430569000018295,
            44.86298899973917,
            44.555638000019826,
            44.85262900016096,
            67.26222899942513
        ]
    },
    "50": {
        "verify_times": [
            43.7455660003252,
            50.81471399989823,
            44.73943999983021,
            44.87663500003691,
            43.885625999791955
        ]
    },
    "100": {
        "verify_times": [
            44.3428890002906,
            43.988738999360066,
            44.3552130000171,
            44.87460200016358,
            44.33078700003534
        ]
    },
    "150": {
        "verify_times": [
            44.59570099970733,
            44.22696299934614,
            48.80188900006033,
            45.67713899996306,
            49.29397700016125
        ]
    }
}